Datetime,Water Level (m)
2025-11-23 06:00:00,0.013705681
2025-11-23 07:00:00,0.010141215
2025-11-23 08:00:00,0.0043047676
2025-11-23 09:00:00,-0.0022408527
2025-11-23 10:00:00,-0.006651631
2025-11-23 11:00:00,-0.006853697
2025-11-23 12:00:00,-0.0029042142
2025-11-23 13:00:00,0.0036299017
2025-11-23 14:00:00,0.010426379
2025-11-23 15:00:00,0.015055305
2025-11-23 16:00:00,0.016448284
2025-11-23 17:00:00,0.01437691
2025-11-23 18:00:00,0.0095366035
2025-11-23 19:00:00,0.0022852493
2025-11-23 20:00:00,-0.0062464722
2025-11-23 21:00:00,-0.014743267
2025-11-23 22:00:00,-0.020430015
2025-11-23 23:00:00,-0.021109594
2025-11-24 00:00:00,-0.014812071
2025-11-24 01:00:00,-0.004218688
2025-11-24 02:00:00,0.007857852
2025-11-24 03:00:00,0.019780422
2025-11-24 04:00:00,0.02872149
2025-11-24 05:00:00,0.03357995
2025-11-24 06:00:00,0.034366112
2025-11-24 07:00:00,0.031869784
2025-11-24 08:00:00,0.027253566
2025-11-24 09:00:00,0.021276172
2025-11-24 10:00:00,0.015712935
2025-11-24 11:00:00,0.0125520965
2025-11-24 12:00:00,0.01306437
2025-11-24 13:00:00,0.0176201
2025-11-24 14:00:00,0.024297848
2025-11-24 15:00:00,0.030035
2025-11-24 16:00:00,0.032863267
2025-11-24 17:00:00,0.03243072
2025-11-24 18:00:00,0.029317275
2025-11-24 19:00:00,0.023622924
2025-11-24 20:00:00,0.015926711
2025-11-24 21:00:00,0.007281477
2025-11-24 22:00:00,-0.00028094742
2025-11-24 23:00:00,-0.004416222
2025-11-25 00:00:00,-0.0033909753
2025-11-25 01:00:00,0.0036928137
2025-11-25 02:00:00,0.014065679
2025-11-25 03:00:00,0.025691142
2025-11-25 04:00:00,0.035704512
2025-11-25 05:00:00,0.042225808
2025-11-25 06:00:00,0.044848677
2025-11-25 07:00:00,0.04402641
2025-11-25 08:00:00,0.04090986
2025-11-25 09:00:00,0.03600965
2025-11-25 10:00:00,0.030386604
2025-11-25 11:00:00,0.026206814
2025-11-25 12:00:00,0.02474156
2025-11-25 13:00:00,0.027066525
2025-11-25 14:00:00,0.032560144
2025-11-25 15:00:00,0.03910485
2025-11-25 16:00:00,0.044227637
2025-11-25 17:00:00,0.046626016
2025-11-25 18:00:00,0.045832083
2025-11-25 19:00:00,0.042525325
2025-11-25 20:00:00,0.037048347
2025-11-25 21:00:00,0.029992854
2025-11-25 22:00:00,0.022673653
2025-11-25 23:00:00,0.017334772
2025-11-26 00:00:00,0.016041066
2025-11-26 01:00:00,0.019877115
2025-11-26 02:00:00,0.02812134
2025-11-26 03:00:00,0.039073624
2025-11-26 04:00:00,0.05040407
2025-11-26 05:00:00,0.059055086
2025-11-26 06:00:00,0.06420421
2025-11-26 07:00:00,0.06581855
2025-11-26 08:00:00,0.06685809
2025-11-26 09:00:00,0.07883295
2025-11-26 10:00:00,0.06555147
2025-11-26 11:00:00,0.06276951
2025-11-26 12:00:00,0.061271388
2025-11-26 13:00:00,0.062303197
2025-11-26 14:00:00,0.06618247
2025-11-26 15:00:00,0.07232285
2025-11-26 16:00:00,0.079255216
2025-11-26 17:00:00,0.10786708
2025-11-26 18:00:00,0.103992835
2025-11-26 19:00:00,0.10374774
2025-11-26 20:00:00,0.10204798
2025-11-26 21:00:00,0.093776606
2025-11-26 22:00:00,0.089448504
2025-11-26 23:00:00,0.08583901
2025-11-27 00:00:00,0.08363402
2025-11-27 01:00:00,0.08452165
2025-11-27 02:00:00,0.08932001
2025-11-27 03:00:00,0.10706257
2025-11-27 04:00:00,0.11249209
2025-11-27 05:00:00,0.120917514
2025-11-27 06:00:00,0.12743612
2025-11-27 07:00:00,0.13101937
2025-11-27 08:00:00,0.1318865
2025-11-27 09:00:00,0.13102612
2025-11-27 10:00:00,0.13616121
2025-11-27 11:00:00,0.13821636
2025-11-27 12:00:00,0.13666219
2025-11-27 13:00:00,0.13629472
2025-11-27 14:00:00,0.13790374
2025-11-27 15:00:00,0.14168902
2025-11-27 16:00:00,0.1472452
2025-11-27 17:00:00,0.15353617
2025-11-27 18:00:00,0.15896615
2025-11-27 19:00:00,0.16250421
2025-11-27 20:00:00,0.16416332
2025-11-27 21:00:00,0.16380608
2025-11-27 22:00:00,0.1618135
2025-11-27 23:00:00,0.15894303
2025-11-28 00:00:00,0.15616249
2025-11-28 01:00:00,0.15505892
2025-11-28 02:00:00,0.15683967
2025-11-28 03:00:00,0.16175957
2025-11-28 04:00:00,0.16916256
2025-11-28 05:00:00,0.17794302
2025-11-28 06:00:00,0.18633379
2025-11-28 07:00:00,0.19260582
2025-11-28 08:00:00,0.196248
2025-11-28 09:00:00,0.19761372
2025-11-28 10:00:00,0.19718517
2025-11-28 11:00:00,0.19531904
2025-11-28 12:00:00,0.19254328
2025-11-28 13:00:00,0.18979125
2025-11-28 14:00:00,0.18831111
2025-11-28 15:00:00,0.18900523
2025-11-28 16:00:00,0.19206741
2025-11-28 17:00:00,0.19733451
2025-11-28 18:00:00,0.20389621
2025-11-28 19:00:00,0.21011291
2025-11-28 20:00:00,0.2144609
2025-11-28 21:00:00,0.21675354
2025-11-28 22:00:00,0.21707663
2025-11-28 23:00:00,0.21553725
2025-11-29 00:00:00,0.21285796
2025-11-29 01:00:00,0.21008815
2025-11-29 02:00:00,0.20858887
2025-11-29 03:00:00,0.20963185
2025-11-29 04:00:00,0.21381056
2025-11-29 05:00:00,0.22049493
2025-11-29 06:00:00,0.2286325
